id,prediction
cce9b526b3590d2ca2178584f,0.14969102
443c1c5647e6bf5e97220294b,0.094008334
c8051d511f80b02de8f031524,0.16496965
8eb1a92c6dff28ab430b8da81,0.112640314
