,hidden_dropout_prob,attention_dropout_prob,n_epochs,lr,value,sentiment,paraphrase_classifier,paraphrase_regressor
0,0.249816047538945,0.4802857225639665,1,0.007322619478695937,1.3892333135008812,0.1698455959558487,0.6240847110748291,0.1906060129404068
1,0.3394633936788146,0.1624074561769746,1,0.0015683852581586646,1.3329636007547379,0.17620345950126648,0.5718384981155396,0.16984328627586365
