,hidden_dropout_prob,attention_dropout_prob,bert_mode,n_epochs,lr,value,sentiment,paraphrase_classifier,paraphrase_regressor
0,0.249816047538945,0.4802857225639665,finetune,1,0.0015683852581586646,1.3712541293352842,0.25340598821640015,0.6247279047966003,-0.01375952735543251
1,0.12323344486727979,0.4464704583099741,pretrain,1,0.009699399423098323,1.3510815128684044,0.2688465118408203,0.4694240987300873,0.2256218045949936
