,hidden_dropout_prob,attention_dropout_prob,n_epochs,lr,value,sentiment,paraphrase_classifier,paraphrase_regressor
0,0.249816047538945,0.4802857225639665,9,0.005990598257128396,1.6201934292912483,0.35785651206970215,0.6432317495346069,0.23821033537387848
1,0.1624074561769746,0.16239780813448107,4,0.008663099696291603,1.6405964866280556,0.3978201746940613,0.6263111233711243,0.23293037712574005
2,0.34044600469728353,0.3832290311184182,4,0.009699399423098323,1.496315710246563,0.2752043604850769,0.6247279047966003,0.19276688992977142
3,0.4329770563201687,0.18493564427131048,5,0.001842211053435804,1.5859067663550377,0.3342415988445282,0.64862459897995,0.20608113706111908
4,0.2216968971838151,0.3099025726528951,7,0.002919379110578439,1.5446844547986984,0.3869209885597229,0.5350781679153442,0.24537059664726257
